Город,Регион
Адыгейск,Адыгея Республика
Яблоновский,Адыгея Республика
Майкоп,Адыгея Республика
Агидель,Башкортостан Республика
Баймак,Башкортостан Республика
Белебей,Башкортостан Республика
Белорецк,Башкортостан Республика
Бирск,Башкортостан Республика
Благовещенск,Башкортостан Республика
Давлеканово,Башкортостан Республика
Дюртюли,Башкортостан Республика
Ишимбай,Башкортостан Республика
Кумертау,Башкортостан Республика
Межгорье,Башкортостан Республика
Мелеуз,Башкортостан Республика
Нефтекамск,Башкортостан Республика
Октябрьский,Башкортостан Республика
Салават,Башкортостан Республика
Сибай,Башкортостан Республика
Стерлитамак,Башкортостан Республика
Туймазы,Башкортостан Республика
Уфа,Башкортостан Республика
Учалы,Башкортостан Республика
Янаул,Башкортостан Республика
Бабушкин,Бурятия Республика
Гусиноозерск,Бурятия Республика
Закаменск,Бурятия Республика
Кяхта,Бурятия Республика
Северобайкальск,Бурятия Республика
Улан-Удэ,Бурятия Республика
Горно-Алтайск,Алтай Республика
Буйнакск,Дагестан Республика
Дагестанские Огни,Дагестан Республика
Дербент,Дагестан Республика
Избербаш,Дагестан Республика
Каспийск,Дагестан Республика
Кизилюрт,Дагестан Республика
Кизляр,Дагестан Республика
Махачкала,Дагестан Республика
Хасавюрт,Дагестан Республика
Южно-Сухокумск,Дагестан Республика
Карабулак,Ингушетия Республика
Магас,Ингушетия Республика
Малгобек,Ингушетия Республика
Назрань,Ингушетия Республика
Баксан,Кабардино-Балкарская Республика
Майский,Кабардино-Балкарская Республика
Нальчик,Кабардино-Балкарская Республика
Нарткала,Кабардино-Балкарская Республика
Прохладный,Кабардино-Балкарская Республика
Терек,Кабардино-Балкарская Республика
Тырныауз,Кабардино-Балкарская Республика
Чегем,Кабардино-Балкарская Республика
Городовиковск,Калмыкия Республика
Лагань,Калмыкия Республика
Элиста,Калмыкия Республика
Карачаевск,Карачаево-Черкесская Республика
Теберда,Карачаево-Черкесская Республика
Усть-Джегута,Карачаево-Черкесская Республика
Черкесск,Карачаево-Черкесская Республика
Беломорск,Карелия Республика
Кемь,Карелия Республика
Кондопога,Карелия Республика
Костомукша,Карелия Республика
Лахденпохья,Карелия Республика
Медвежьегорск,Карелия Республика
Олонец,Карелия Республика
Петрозаводск,Карелия Республика
Питкяранта,Карелия Республика
Пудож,Карелия Республика
Сегежа,Карелия Республика
Сортавала,Карелия Республика
Суоярви,Карелия Республика
Воркута,Коми Республика
Вуктыл,Коми Республика
Емва,Коми Республика
Инта,Коми Республика
Микунь,Коми Республика
Печора,Коми Республика
Сосногорск,Коми Республика
Сыктывкар,Коми Республика
Усинск,Коми Республика
Ухта,Коми Республика
Волжск,Марий Эл Республика
Звенигово,Марий Эл Республика
Йошкар-Ола,Марий Эл Республика
Козьмодемьянск,Марий Эл Республика
Ардатов,Мордовия Республика
Инсар,Мордовия Республика
Ковылкино,Мордовия Республика
Краснослободск,Мордовия Республика
Рузаевка,Мордовия Республика
Саранск,Мордовия Республика
Темников,Мордовия Республика
Алдан,Саха /Якутия/ Республика
Верхоянск,Саха /Якутия/ Республика
Вилюйск,Саха /Якутия/ Республика
Ленск,Саха /Якутия/ Республика
Мирный,Саха /Якутия/ Республика
Нерюнгри,Саха /Якутия/ Республика
Нюрба,Саха /Якутия/ Республика
Олекминск,Саха /Якутия/ Республика
Покровск,Саха /Якутия/ Республика
Среднеколымск,Саха /Якутия/ Республика
Томмот,Саха /Якутия/ Республика
Удачный,Саха /Якутия/ Республика
Якутск,Саха /Якутия/ Республика
Алагир,Северная Осетия - Алания Республика
Ардон,Северная Осетия - Алания Республика
Беслан,Северная Осетия - Алания Республика
Владикавказ,Северная Осетия - Алания Республика
Дигора,Северная Осетия - Алания Республика
Моздок,Северная Осетия - Алания Республика
Агрыз,Татарстан Республика
Азнакаево,Татарстан Республика
Альметьевск,Татарстан Республика
Арск,Татарстан Республика
Бавлы,Татарстан Республика
Болгар,Татарстан Республика
Бугульма,Татарстан Республика
Буинск,Татарстан Республика
Елабуга,Татарстан Республика
Заинск,Татарстан Республика
Зеленодольск,Татарстан Республика
Казань,Татарстан Республика
Лаишево,Татарстан Республика
Лениногорск,Татарстан Республика
Мамадыш,Татарстан Республика
Менделеевск,Татарстан Республика
Мензелинск,Татарстан Республика
Набережные Челны,Татарстан Республика
Нижнекамск,Татарстан Республика
Нурлат,Татарстан Республика
Тетюши,Татарстан Республика
Чистополь,Татарстан Республика
Ак-Довурак,Тыва Республика
Кызыл,Тыва Республика
Туран,Тыва Республика
Чадан,Тыва Республика
Шагонар,Тыва Республика
Воткинск,Удмуртская Республика
Глазов,Удмуртская Республика
Ижевск,Удмуртская Республика
Камбарка,Удмуртская Республика
Можга,Удмуртская Республика
Сарапул,Удмуртская Республика
Абаза,Хакасия Республика
Абакан,Хакасия Республика
Саяногорск,Хакасия Республика
Сорск,Хакасия Республика
Черногорск,Хакасия Республика
Аргун,Чеченская Республика
Грозный,Чеченская Республика
Гудермес,Чеченская Республика
Урус-Мартан,Чеченская Республика
Шали,Чеченская Республика
Алатырь,Чувашская Республика - Чувашия
Канаш,Чувашская Республика - Чувашия
Козловка,Чувашская Республика - Чувашия
Мариинский Посад,Чувашская Республика - Чувашия
Новочебоксарск,Чувашская Республика - Чувашия
Цивильск,Чувашская Республика - Чувашия
Чебоксары,Чувашская Республика - Чувашия
Шумерля,Чувашская Республика - Чувашия
Ядрин,Чувашская Республика - Чувашия
Алейск,Алтайский Край
Барнаул,Алтайский Край
Белокуриха,Алтайский Край
Бийск,Алтайский Край
Горняк,Алтайский Край
Заринск,Алтайский Край
Змеиногорск,Алтайский Край
Камень-на-Оби,Алтайский Край
Новоалтайск,Алтайский Край
Рубцовск,Алтайский Край
Славгород,Алтайский Край
Яровое,Алтайский Край
Абинск,Краснодарский Край
Анапа,Краснодарский Край
Апшеронск,Краснодарский Край
Армавир,Краснодарский Край
Белореченск,Краснодарский Край
Геленджик,Краснодарский Край
Горячий Ключ,Краснодарский Край
Гулькевичи,Краснодарский Край
Ейск,Краснодарский Край
Кореновск,Краснодарский Край
Краснодар,Краснодарский Край
Кропоткин,Краснодарский Край
Крымск,Краснодарский Край
Курганинск,Краснодарский Край
Лабинск,Краснодарский Край
Новокубанск,Краснодарский Край
Новороссийск,Краснодарский Край
Приморско-Ахтарск,Краснодарский Край
Славянск-на-Кубани,Краснодарский Край
Сочи,Краснодарский Край
Адлер,Краснодарский Край
Лазаревское ,Краснодарский Край
Темрюк,Краснодарский Край
Тимашевск,Краснодарский Край
Тихорецк,Краснодарский Край
Туапсе,Краснодарский Край
Усть-Лабинск,Краснодарский Край
Хадыженск,Краснодарский Край
Артемовск,Красноярский Край
Ачинск,Красноярский Край
Боготол,Красноярский Край
Бородино,Красноярский Край
Дивногорск,Красноярский Край
Дудинка,Красноярский Край
Енисейск,Красноярский Край
Железногорск,Красноярский Край
Заозерный,Красноярский Край
Зеленогорск,Красноярский Край
Игарка,Красноярский Край
Иланский,Красноярский Край
Канск,Красноярский Край
Кодинск,Красноярский Край
Красноярск,Красноярский Край
Лесосибирск,Красноярский Край
Минусинск,Красноярский Край
Назарово,Красноярский Край
Норильск,Красноярский Край
Сосновоборск,Красноярский Край
Ужур,Красноярский Край
Уяр,Красноярский Край
Шарыпово,Красноярский Край
Арсеньев,Приморский Край
Артeм,Приморский Край
Большой Камень,Приморский Край
Владивосток,Приморский Край
Дальнегорск,Приморский Край
Дальнереченск,Приморский Край
Лесозаводск,Приморский Край
Находка,Приморский Край
Партизанск,Приморский Край
Спасск-Дальний,Приморский Край
Уссурийск,Приморский Край
Фокино,Приморский Край
Благодарный,Ставропольский Край
Буденновск,Ставропольский Край
Георгиевск,Ставропольский Край
Ессентуки,Ставропольский Край
Железноводск,Ставропольский Край
Зеленокумск,Ставропольский Край
Изобильный,Ставропольский Край
Ипатово,Ставропольский Край
Кисловодск,Ставропольский Край
Лермонтов,Ставропольский Край
Минеральные Воды,Ставропольский Край
Михайловск,Ставропольский Край
Невинномысск,Ставропольский Край
Нефтекумск,Ставропольский Край
Новоалександровск,Ставропольский Край
Новопавловск,Ставропольский Край
Пятигорск,Ставропольский Край
Светлоград,Ставропольский Край
Ставрополь,Ставропольский Край
Амурск,Хабаровский Край
Бикин,Хабаровский Край
Вяземский,Хабаровский Край
Комсомольск-на-Амуре,Хабаровский Край
Николаевск-на-Амуре,Хабаровский Край
Советская Гавань,Хабаровский Край
Хабаровск,Хабаровский Край
Белогорск,Амурская Область
Благовещенск,Амурская Область
Завитинск,Амурская Область
Зея,Амурская Область
Райчихинск,Амурская Область
Свободный,Амурская Область
Сковородино,Амурская Область
Тында,Амурская Область
Шимановск,Амурская Область
Архангельск,Архангельская Область
Вельск,Архангельская Область
Каргополь,Архангельская Область
Коряжма,Архангельская Область
Котлас,Архангельская Область
Мезень,Архангельская Область
Мирный,Архангельская Область
Новодвинск,Архангельская Область
Няндома,Архангельская Область
Онега,Архангельская Область
Северодвинск,Архангельская Область
Сольвычегодск,Архангельская Область
Шенкурск,Архангельская Область
Астрахань,Астраханская Область
Ахтубинск,Астраханская Область
Ахтубинск-7,Астраханская Область
Знаменск,Астраханская Область
Камызяк,Астраханская Область
Нариманов,Астраханская Область
Харабали,Астраханская Область
Алексеевка,Белгородская Область
Белгород,Белгородская Область
Бирюч,Белгородская Область
Валуйки,Белгородская Область
Грайворон,Белгородская Область
Губкин,Белгородская Область
Короча,Белгородская Область
Новый Оскол,Белгородская Область
Старый Оскол,Белгородская Область
Строитель,Белгородская Область
Шебекино,Белгородская Область
Брянск,Брянская Область
Дятьково,Брянская Область
Жуковка,Брянская Область
Злынка,Брянская Область
Карачев,Брянская Область
Клинцы,Брянская Область
Мглин,Брянская Область
Новозыбков,Брянская Область
Почеп,Брянская Область
Севск,Брянская Область
Сельцо,Брянская Область
Стародуб,Брянская Область
Сураж,Брянская Область
Трубчевск,Брянская Область
Унеча,Брянская Область
Фокино,Брянская Область
Александров,Владимирская Область
Владимир,Владимирская Область
Вязники,Владимирская Область
Гороховец,Владимирская Область
Гусь-Хрустальный,Владимирская Область
Камешково,Владимирская Область
Карабаново,Владимирская Область
Киржач,Владимирская Область
Ковров,Владимирская Область
Кольчугино,Владимирская Область
Костерево,Владимирская Область
Курлово,Владимирская Область
Лакинск,Владимирская Область
Меленки,Владимирская Область
Муром,Владимирская Область
Петушки,Владимирская Область
Покров,Владимирская Область
Радужный,Владимирская Область
Собинка,Владимирская Область
Струнино,Владимирская Область
Судогда,Владимирская Область
Суздаль,Владимирская Область
Юрьев-Польский,Владимирская Область
Волгоград,Волгоградская Область
Волжский,Волгоградская Область
Дубовка,Волгоградская Область
Жирновск,Волгоградская Область
Калач-на-Дону,Волгоградская Область
Камышин,Волгоградская Область
Котельниково,Волгоградская Область
Котово,Волгоградская Область
Краснослободск,Волгоградская Область
Ленинск,Волгоградская Область
Михайловка,Волгоградская Область
Николаевск,Волгоградская Область
Новоаннинский,Волгоградская Область
Палласовка,Волгоградская Область
Петров Вал,Волгоградская Область
Серафимович,Волгоградская Область
Суровикино,Волгоградская Область
Урюпинск,Волгоградская Область
Фролово,Волгоградская Область
Бабаево,Вологодская Область
Белозерск,Вологодская Область
Великий Устюг,Вологодская Область
Вологда,Вологодская Область
Вытегра,Вологодская Область
Грязовец,Вологодская Область
Кадников,Вологодская Область
Кириллов,Вологодская Область
Красавино,Вологодская Область
Никольск,Вологодская Область
Сокол,Вологодская Область
Тотьма,Вологодская Область
Устюжна,Вологодская Область
Харовск,Вологодская Область
Череповец,Вологодская Область
Бобров,Воронежская Область
Богучар,Воронежская Область
Борисоглебск,Воронежская Область
Бутурлиновка,Воронежская Область
Воронеж,Воронежская Область
Воронеж-45,Воронежская Область
Калач,Воронежская Область
Лиски,Воронежская Область
Нововоронеж,Воронежская Область
Новохоперск,Воронежская Область
Острогожск,Воронежская Область
Павловск,Воронежская Область
Поворино,Воронежская Область
Россошь,Воронежская Область
Семилуки,Воронежская Область
Эртиль,Воронежская Область
Вичуга,Ивановская Область
Гаврилов Посад,Ивановская Область
Заволжск,Ивановская Область
Иваново,Ивановская Область
Кинешма,Ивановская Область
Комсомольск,Ивановская Область
Кохма,Ивановская Область
Наволоки,Ивановская Область
Плес,Ивановская Область
Приволжск,Ивановская Область
Пучеж,Ивановская Область
Родники,Ивановская Область
Тейково,Ивановская Область
Фурманов,Ивановская Область
Шуя,Ивановская Область
Южа,Ивановская Область
Юрьевец,Ивановская Область
Алзамай,Иркутская Область
Ангарск,Иркутская Область
Байкальск,Иркутская Область
Бирюсинск,Иркутская Область
Бодайбо,Иркутская Область
Братск,Иркутская Область
Вихоревка,Иркутская Область
Железногорск-Илимский,Иркутская Область
Зима,Иркутская Область
Иркутск,Иркутская Область
Иркутск-45,Иркутская Область
Киренск,Иркутская Область
Нижнеудинск,Иркутская Область
Саянск,Иркутская Область
Свирск,Иркутская Область
Слюдянка,Иркутская Область
Тайшет,Иркутская Область
Тулун,Иркутская Область
Усолье-Сибирское,Иркутская Область
Усть-Илимск,Иркутская Область
Усть-Кут,Иркутская Область
Черемхово,Иркутская Область
Шелехов,Иркутская Область
Багратионовск,Калининградская Область
Балтийск,Калининградская Область
Гвардейск,Калининградская Область
Гурьевск,Калининградская Область
Гусев,Калининградская Область
Зеленоградск,Калининградская Область
Калининград,Калининградская Область
Краснознаменск,Калининградская Область
Ладушкин,Калининградская Область
Мамоново,Калининградская Область
Неман,Калининградская Область
Нестеров,Калининградская Область
Озерск,Калининградская Область
Пионерский,Калининградская Область
Полесск,Калининградская Область
Правдинск,Калининградская Область
Приморск,Калининградская Область
Светлогорск,Калининградская Область
Светлый,Калининградская Область
Славск,Калининградская Область
Советск,Калининградская Область
Черняховск,Калининградская Область
Балабаново,Калужская Область
Белоусово,Калужская Область
Боровск,Калужская Область
Боровск-1,Калужская Область
Ермолино,Калужская Область
Жиздра,Калужская Область
Жуков,Калужская Область
Калуга,Калужская Область
Киров,Калужская Область
Козельск,Калужская Область
Кондрово,Калужская Область
Кременки,Калужская Область
Людиново,Калужская Область
Малоярославец,Калужская Область
Медынь,Калужская Область
Мещовск,Калужская Область
Мосальск,Калужская Область
Обнинск,Калужская Область
Сосенский,Калужская Область
Спас-Деменск,Калужская Область
Сухиничи,Калужская Область
Таруса,Калужская Область
Юхнов,Калужская Область
Юхнов-1,Калужская Область
Юхнов-2,Калужская Область
Вилючинск,Камчатский Край
Елизово,Камчатский Край
Петропавловск-Камчатский,Камчатский Край
Анжеро-Судженск,Кемеровская Область
Белово,Кемеровская Область
Березовский,Кемеровская Область
Гурьевск,Кемеровская Область
Калтан,Кемеровская Область
Кемерово,Кемеровская Область
Киселевск,Кемеровская Область
Ленинск-Кузнецкий,Кемеровская Область
Мариинск,Кемеровская Область
Междуреченск,Кемеровская Область
Мыски,Кемеровская Область
Новокузнецк,Кемеровская Область
Осинники,Кемеровская Область
Полысаево,Кемеровская Область
Прокопьевск,Кемеровская Область
Салаир,Кемеровская Область
Тайга,Кемеровская Область
Таштагол,Кемеровская Область
Топки,Кемеровская Область
Юрга,Кемеровская Область
Белая Холуница,Кировская Область
Вятские Поляны,Кировская Область
Зуевка,Кировская Область
Киров,Кировская Область
Кирово-Чепецк,Кировская Область
Кирс,Кировская Область
Котельнич,Кировская Область
Луза,Кировская Область
Малмыж,Кировская Область
Мураши,Кировская Область
Нолинск,Кировская Область
Омутнинск,Кировская Область
Орлов,Кировская Область
Слободской,Кировская Область
Советск,Кировская Область
Сосновка,Кировская Область
Уржум,Кировская Область
Яранск,Кировская Область
Буй,Костромская Область
Волгореченск,Костромская Область
Галич,Костромская Область
Кологрив,Костромская Область
Кострома,Костромская Область
Макарьев,Костромская Область
Мантурово,Костромская Область
Нерехта,Костромская Область
Нея,Костромская Область
Солигалич,Костромская Область
Чухлома,Костромская Область
Шарья,Костромская Область
Далматово,Курганская Область
Катайск,Курганская Область
Курган,Курганская Область
Куртамыш,Курганская Область
Макушино,Курганская Область
Петухово,Курганская Область
Шадринск,Курганская Область
Шумиха,Курганская Область
Щучье,Курганская Область
Дмитриев,Курская Область
Железногорск,Курская Область
Курск,Курская Область
Курчатов,Курская Область
Льгов,Курская Область
Обоянь,Курская Область
Рыльск,Курская Область
Суджа,Курская Область
Фатеж,Курская Область
Щигры,Курская Область
Бокситогорск,Ленинградская Область
Волосово,Ленинградская Область
Волхов,Ленинградская Область
Кудрово,Ленинградская Область
Всеволожск,Ленинградская Область
Мурино,Ленинградская Область
Выборг,Ленинградская Область
Высоцк,Ленинградская Область
Гатчина,Ленинградская Область
Ивангород,Ленинградская Область
Каменногорск,Ленинградская Область
Новогорелово,Ленинградская Область
Кингисепп,Ленинградская Область
Кириши,Ленинградская Область
Кировск,Ленинградская Область
Коммунар,Ленинградская Область
Лодейное Поле,Ленинградская Область
Луга,Ленинградская Область
Любань,Ленинградская Область
Никольское,Ленинградская Область
Новая Ладога,Ленинградская Область
Отрадное,Ленинградская Область
Пикалево,Ленинградская Область
Подпорожье,Ленинградская Область
Приморск,Ленинградская Область
Приозерск,Ленинградская Область
Светогорск,Ленинградская Область
Сертолово,Ленинградская Область
Сланцы,Ленинградская Область
Сосновый Бор,Ленинградская Область
Сясьстрой,Ленинградская Область
Тихвин,Ленинградская Область
Тосно,Ленинградская Область
Шлиссельбург,Ленинградская Область
Грязи,Липецкая Область
Данков,Липецкая Область
Елец,Липецкая Область
Задонск,Липецкая Область
Лебедянь,Липецкая Область
Липецк,Липецкая Область
Усмань,Липецкая Область
Чаплыгин,Липецкая Область
Магадан,Магаданская Область
Сусуман,Магаданская Область
Апрелевка,Московская Область
Голубое,Московская Область
Путилково,Московская Область
Балашиха,Московская Область
Бронницы,Московская Область
Боброво,Московская Область
Верея,Московская Область
Ликино-Дулёво,Московская Область
Внуково,Московская Область
Видное,Московская Область
Мисайлово,Московская Область
Волоколамск,Московская Область
Воскресенск,Московская Область
Свердловский,Московская Область
Высоковск,Московская Область
Голицыно,Московская Область
Городской округ Черноголовка,Московская Область
Дедовск,Московская Область
Ликино-Дулeво,Московская Область
Дзержинский,Московская Область
Дмитров,Московская Область
Долгопрудный,Московская Область
Домодедово,Московская Область
Дрезна,Московская Область
Дубна,Московская Область
Егорьевск,Московская Область
Железнодорожный,Московская Область
Жуковский,Московская Область
Зарайск,Московская Область
Звенигород,Московская Область
Ивантеевка,Московская Область
Истра,Московская Область
Истра-1,Московская Область
Кашира,Московская Область
Кашира-8,Московская Область
Климовск,Московская Область
Клин,Московская Область
Коломна,Московская Область
Королев,Московская Область
Котельники,Московская Область
Красноармейск,Московская Область
Красногорск,Московская Область
Краснозаводск,Московская Область
Краснознаменск,Московская Область
Кубинка,Московская Область
Куровское,Московская Область
Ликино-Дулево,Московская Область
Лобня,Московская Область
Лосино-Петровский,Московская Область
Луховицы,Московская Область
Лыткарино,Московская Область
Люберцы,Московская Область
Можайск,Московская Область
Мытищи,Московская Область
Наро-Фоминск,Московская Область
Ногинск,Московская Область
Одинцово,Московская Область
Ожерелье,Московская Область
Озеры,Московская Область
Орехово-Зуево,Московская Область
Павловский Посад,Московская Область
Пересвет,Московская Область
Подольск,Московская Область
Протвино,Московская Область
Пушкино,Московская Область
Пущино,Московская Область
Раменское,Московская Область
Реутов,Московская Область
Рошаль,Московская Область
Руза,Московская Область
Сергиев Посад,Московская Область
Сергиев Посад-7,Московская Область
Серпухов,Московская Область
Снегири,Московская Область
Солнечногорск,Московская Область
Солнечногорск-2,Московская Область
Солнечногорск-25,Московская Область
Солнечногорск-30,Московская Область
Солнечногорск-7,Московская Область
Старая Купавна,Московская Область
Ступино,Московская Область
Талдом,Московская Область
Фрязино,Московская Область
Химки,Московская Область
Хотьково,Московская Область
Черноголовка,Московская Область
Чехов,Московская Область
Чехов-2,Московская Область
Чехов-3,Московская Область
Чехов-8,Московская Область
Шатура,Московская Область
Щелково,Московская Область
Электрогорск,Московская Область
Электросталь,Московская Область
Электроугли,Московская Область
Юбилейный,Московская Область
Яхрома,Московская Область
Апатиты,Мурманская Область
Гаджиево,Мурманская Область
Заозерск,Мурманская Область
Заполярный,Мурманская Область
Кандалакша,Мурманская Область
Кировск,Мурманская Область
Ковдор,Мурманская Область
Кола,Мурманская Область
Мончегорск,Мурманская Область
Мурманск,Мурманская Область
Оленегорск,Мурманская Область
Оленегорск-1,Мурманская Область
Оленегорск-2,Мурманская Область
Оленегорск-4,Мурманская Область
Островной,Мурманская Область
Полярные Зори,Мурманская Область
Полярный,Мурманская Область
Североморск,Мурманская Область
Снежногорск,Мурманская Область
Арзамас,Нижегородская Область
Балахна,Нижегородская Область
Богородск,Нижегородская Область
Бор,Нижегородская Область
Ветлуга,Нижегородская Область
Володарск,Нижегородская Область
Ворсма,Нижегородская Область
Выкса,Нижегородская Область
Горбатов,Нижегородская Область
Городец,Нижегородская Область
Дзержинск,Нижегородская Область
Заволжье,Нижегородская Область
Княгинино,Нижегородская Область
Кстово,Нижегородская Область
Кулебаки,Нижегородская Область
Лукоянов,Нижегородская Область
Лысково,Нижегородская Область
Навашино,Нижегородская Область
Нижний Новгород,Нижегородская Область
Павлово,Нижегородская Область
Первомайск,Нижегородская Область
Перевоз,Нижегородская Область
Саров,Нижегородская Область
Семенов,Нижегородская Область
Сергач,Нижегородская Область
Урень,Нижегородская Область
Чкаловск,Нижегородская Область
Шахунья,Нижегородская Область
Боровичи,Новгородская Область
Валдай,Новгородская Область
Великий Новгород,Новгородская Область
Малая Вишера,Новгородская Область
Окуловка,Новгородская Область
Пестово,Новгородская Область
Сольцы,Новгородская Область
Сольцы 2,Новгородская Область
Старая Русса,Новгородская Область
Холм,Новгородская Область
Чудово,Новгородская Область
Барабинск,Новосибирская Область
Бердск,Новосибирская Область
Болотное,Новосибирская Область
Искитим,Новосибирская Область
Карасук,Новосибирская Область
Каргат,Новосибирская Область
Куйбышев,Новосибирская Область
Купино,Новосибирская Область
Новосибирск,Новосибирская Область
Обь,Новосибирская Область
Татарск,Новосибирская Область
Тогучин,Новосибирская Область
Черепаново,Новосибирская Область
Чулым,Новосибирская Область
Чулым-3,Новосибирская Область
Исилькуль,Омская Область
Калачинск,Омская Область
Называевск,Омская Область
Омск,Омская Область
Тара,Омская Область
Тюкалинск,Омская Область
Абдулино,Оренбургская Область
Бугуруслан,Оренбургская Область
Бузулук,Оренбургская Область
Гай,Оренбургская Область
Кувандык,Оренбургская Область
Медногорск,Оренбургская Область
Новотроицк,Оренбургская Область
Оренбург,Оренбургская Область
Орск,Оренбургская Область
Соль-Илецк,Оренбургская Область
Сорочинск,Оренбургская Область
Ясный,Оренбургская Область
Болхов,Орловская Область
Дмитровск,Орловская Область
Ливны,Орловская Область
Малоархангельск,Орловская Область
Мценск,Орловская Область
Новосиль,Орловская Область
Орел,Орловская Область
Белинский,Пензенская Область
Городище,Пензенская Область
Заречный,Пензенская Область
Каменка,Пензенская Область
Кузнецк,Пензенская Область
Кузнецк-12,Пензенская Область
Кузнецк-8,Пензенская Область
Нижний Ломов,Пензенская Область
Никольск,Пензенская Область
Пенза,Пензенская Область
Сердобск,Пензенская Область
Спасск,Пензенская Область
Сурск,Пензенская Область
Александровск,Пермский Край
Березники,Пермский Край
Верещагино,Пермский Край
Горнозаводск,Пермский Край
Гремячинск,Пермский Край
Губаха,Пермский Край
Добрянка,Пермский Край
Кизел,Пермский Край
Красновишерск,Пермский Край
Краснокамск,Пермский Край
Кудымкар,Пермский Край
Кунгур,Пермский Край
Лысьва,Пермский Край
Нытва,Пермский Край
Оса,Пермский Край
Оханск,Пермский Край
Очер,Пермский Край
Пермь,Пермский Край
Соликамск,Пермский Край
Усолье,Пермский Край
Чайковский,Пермский Край
Чердынь,Пермский Край
Чермоз,Пермский Край
Чернушка,Пермский Край
Чусовой,Пермский Край
Великие Луки,Псковская Область
Великие Луки-1,Псковская Область
Гдов,Псковская Область
Дно,Псковская Область
Невель,Псковская Область
Новоржев,Псковская Область
Новосокольники,Псковская Область
Опочка,Псковская Область
Остров,Псковская Область
Печоры,Псковская Область
Порхов,Псковская Область
Псков,Псковская Область
Пустошка,Псковская Область
Пыталово,Псковская Область
Себеж,Псковская Область
Азов,Ростовская Область
Аксай,Ростовская Область
Батайск,Ростовская Область
Белая Калитва,Ростовская Область
Волгодонск,Ростовская Область
Гуково,Ростовская Область
Донецк,Ростовская Область
Зверево,Ростовская Область
Зерноград,Ростовская Область
Каменск-Шахтинский,Ростовская Область
Константиновск,Ростовская Область
Красный Сулин,Ростовская Область
Миллерово,Ростовская Область
Морозовск,Ростовская Область
Новочеркасск,Ростовская Область
Новошахтинск,Ростовская Область
Пролетарск,Ростовская Область
Ростов-на-Дону,Ростовская Область
Сальск,Ростовская Область
Семикаракорск,Ростовская Область
Таганрог,Ростовская Область
Цимлянск,Ростовская Область
Шахты,Ростовская Область
Касимов,Рязанская Область
Кораблино,Рязанская Область
Михайлов,Рязанская Область
Новомичуринск,Рязанская Область
Рыбное,Рязанская Область
Ряжск,Рязанская Область
Рязань,Рязанская Область
Сасово,Рязанская Область
Скопин,Рязанская Область
Спас-Клепики,Рязанская Область
Спасск-Рязанский,Рязанская Область
Шацк,Рязанская Область
Жигулевск,Самарская Область
Кинель,Самарская Область
Нефтегорск,Самарская Область
Новокуйбышевск,Самарская Область
Октябрьск,Самарская Область
Отрадный,Самарская Область
Похвистнево,Самарская Область
Самара,Самарская Область
Сызрань,Самарская Область
Тольятти,Самарская Область
Чапаевск,Самарская Область
Аркадак,Саратовская Область
Аткарск,Саратовская Область
Балаково,Саратовская Область
Балашов,Саратовская Область
Вольск,Саратовская Область
Вольск-18,Саратовская Область
Ершов,Саратовская Область
Калининск,Саратовская Область
Красноармейск,Саратовская Область
Красный Кут,Саратовская Область
Маркс,Саратовская Область
Новоузенск,Саратовская Область
Петровск,Саратовская Область
Пугачев,Саратовская Область
Ртищево,Саратовская Область
Саратов,Саратовская Область
Хвалынск,Саратовская Область
Шиханы,Саратовская Область
Энгельс,Саратовская Область
Энгельс-19,Саратовская Область
Энгельс-2,Саратовская Область
Александровск-Сахалинский,Сахалинская Область
Анива,Сахалинская Область
Долинск,Сахалинская Область
Корсаков,Сахалинская Область
Курильск,Сахалинская Область
Макаров,Сахалинская Область
Невельск,Сахалинская Область
Оха,Сахалинская Область
Поронайск,Сахалинская Область
Северо-Курильск,Сахалинская Область
Томари,Сахалинская Область
Углегорск,Сахалинская Область
Холмск,Сахалинская Область
Шахтерск,Сахалинская Область
Южно-Сахалинск,Сахалинская Область
Алапаевск,Свердловская Область
Арамиль,Свердловская Область
Артемовский,Свердловская Область
Асбест,Свердловская Область
Березовский,Свердловская Область
Богданович,Свердловская Область
Верхний Тагил,Свердловская Область
Верхняя Пышма,Свердловская Область
Верхняя Салда,Свердловская Область
Верхняя Тура,Свердловская Область
Верхотурье,Свердловская Область
Волчанск,Свердловская Область
Дегтярск,Свердловская Область
Екатеринбург,Свердловская Область
Заречный,Свердловская Область
Ивдель,Свердловская Область
Ирбит,Свердловская Область
Каменск-Уральский,Свердловская Область
Камышлов,Свердловская Область
Карпинск,Свердловская Область
Качканар,Свердловская Область
Кировград,Свердловская Область
Краснотурьинск,Свердловская Область
Красноуральск,Свердловская Область
Красноуфимск,Свердловская Область
Кушва,Свердловская Область
Лесной,Свердловская Область
Михайловск,Свердловская Область
Невьянск,Свердловская Область
Нижние Серги,Свердловская Область
Нижние Серги-3,Свердловская Область
Нижний Тагил,Свердловская Область
Нижняя Салда,Свердловская Область
Нижняя Тура,Свердловская Область
Новая Ляля,Свердловская Область
Новоуральск,Свердловская Область
Первоуральск,Свердловская Область
Полевской,Свердловская Область
Ревда,Свердловская Область
Реж,Свердловская Область
Североуральск,Свердловская Область
Серов,Свердловская Область
Среднеуральск,Свердловская Область
Сухой Лог,Свердловская Область
Сысерть,Свердловская Область
Тавда,Свердловская Область
Талица,Свердловская Область
Туринск,Свердловская Область
Велиж,Смоленская Область
Вязьма,Смоленская Область
Гагарин,Смоленская Область
Демидов,Смоленская Область
Десногорск,Смоленская Область
Дорогобуж,Смоленская Область
Духовщина,Смоленская Область
Ельня,Смоленская Область
Починок,Смоленская Область
Рославль,Смоленская Область
Рудня,Смоленская Область
Сафоново,Смоленская Область
Смоленск,Смоленская Область
Сычевка,Смоленская Область
Ярцево,Смоленская Область
Жердевка,Тамбовская Область
Кирсанов,Тамбовская Область
Котовск,Тамбовская Область
Мичуринск,Тамбовская Область
Моршанск,Тамбовская Область
Рассказово,Тамбовская Область
Тамбов,Тамбовская Область
Уварово,Тамбовская Область
Андреаполь,Тверская Область
Бежецк,Тверская Область
Белый,Тверская Область
Бологое,Тверская Область
Весьегонск,Тверская Область
Вышний Волочек,Тверская Область
Западная Двина,Тверская Область
Зубцов,Тверская Область
Калязин,Тверская Область
Кашин,Тверская Область
Кимры,Тверская Область
Конаково,Тверская Область
Красный Холм,Тверская Область
Кувшиново,Тверская Область
Лихославль,Тверская Область
Нелидово,Тверская Область
Осташков,Тверская Область
Ржев,Тверская Область
Старица,Тверская Область
Тверь,Тверская Область
Торжок,Тверская Область
Торопец,Тверская Область
Удомля,Тверская Область
Асино,Томская Область
Кедровый,Томская Область
Колпашево,Томская Область
Северск,Томская Область
Стрежевой,Томская Область
Томск,Томская Область
Алексин,Тульская Область
Белев,Тульская Область
Богородицк,Тульская Область
Болохово,Тульская Область
Венев,Тульская Область
Донской,Тульская Область
Ефремов,Тульская Область
Кимовск,Тульская Область
Киреевск,Тульская Область
Липки,Тульская Область
Новомосковск,Тульская Область
Плавск,Тульская Область
Советск,Тульская Область
Суворов,Тульская Область
Тула,Тульская Область
Узловая,Тульская Область
Чекалин,Тульская Область
Щекино,Тульская Область
Ясногорск,Тульская Область
Заводоуковск,Тюменская Область
Ишим,Тюменская Область
Тобольск,Тюменская Область
Тюмень,Тюменская Область
Ялуторовск,Тюменская Область
Барыш,Ульяновская Область
Димитровград,Ульяновская Область
Инза,Ульяновская Область
Новоульяновск,Ульяновская Область
Сенгилей,Ульяновская Область
Ульяновск,Ульяновская Область
Аша,Челябинская Область
Бакал,Челябинская Область
Верхнеуральск,Челябинская Область
Верхний Уфалей,Челябинская Область
Еманжелинск,Челябинская Область
Златоуст,Челябинская Область
Карабаш,Челябинская Область
Карталы,Челябинская Область
Касли,Челябинская Область
Катав-Ивановск,Челябинская Область
Копейск,Челябинская Область
Коркино,Челябинская Область
Куса,Челябинская Область
Кыштым,Челябинская Область
Магнитогорск,Челябинская Область
Миасс,Челябинская Область
Миньяр,Челябинская Область
Нязепетровск,Челябинская Область
Озерск,Челябинская Область
Пласт,Челябинская Область
Сатка,Челябинская Область
Сим,Челябинская Область
Снежинск,Челябинская Область
Трехгорный,Челябинская Область
Трехгорный-1,Челябинская Область
Троицк,Челябинская Область
Усть-Катав,Челябинская Область
Чебаркуль,Челябинская Область
Челябинск,Челябинская Область
Южноуральск,Челябинская Область
Юрюзань,Челябинская Область
Балей,Забайкальский Край
Борзя,Забайкальский Край
Краснокаменск,Забайкальский Край
Могоча,Забайкальский Край
Нерчинск,Забайкальский Край
Петровск-Забайкальский,Забайкальский Край
Сретенск,Забайкальский Край
Хилок,Забайкальский Край
Чита,Забайкальский Край
Шилка,Забайкальский Край
Гаврилов-Ям,Ярославская Область
Данилов,Ярославская Область
Любим,Ярославская Область
Мышкин,Ярославская Область
Переславль-Залесский,Ярославская Область
Пошехонье,Ярославская Область
Ростов,Ярославская Область
Рыбинск,Ярославская Область
Тутаев,Ярославская Область
Углич,Ярославская Область
Ярославль,Ярославская Область
Зеленоград,Москва Город
Москва,Москва Город
Московский,Москва Город
Кокошкино,Москва Город
Московский,Москва Город
Троицк,Москва Город
Коммунарка,Москва Город
Щербинка,Москва Город
Зеленогорск,Санкт-Петербург Город
Колпино,Санкт-Петербург Город
Красное Село,Санкт-Петербург Город
Парголово,Санкт-Петербург Город
Металлострой,Санкт-Петербург Город
Кронштадт,Санкт-Петербург Город
Ломоносов,Санкт-Петербург Город
Павловск,Санкт-Петербург Город
Петергоф,Санкт-Петербург Город
Пушкин,Санкт-Петербург Город
Шушары,Санкт-Петербург Город
Санкт-Петербург,Санкт-Петербург Город
Сестрорецк,Санкт-Петербург Город
Биробиджан,Еврейская Автономная область
Облучье,Еврейская Автономная область
Нарьян-Мар,Ненецкий Автономный округ
Белоярский,Ханты-Мансийский Автономный округ - Югра Автономный округ
Когалым,Ханты-Мансийский Автономный округ - Югра Автономный округ
Лангепас,Ханты-Мансийский Автономный округ - Югра Автономный округ
Лянтор,Ханты-Мансийский Автономный округ - Югра Автономный округ
Мегион,Ханты-Мансийский Автономный округ - Югра Автономный округ
Нефтеюганск,Ханты-Мансийский Автономный округ - Югра Автономный округ
Нижневартовск,Ханты-Мансийский Автономный округ - Югра Автономный округ
Нягань,Ханты-Мансийский Автономный округ - Югра Автономный округ
Покачи,Ханты-Мансийский Автономный округ - Югра Автономный округ
Пыть-Ях,Ханты-Мансийский Автономный округ - Югра Автономный округ
Радужный,Ханты-Мансийский Автономный округ - Югра Автономный округ
Советский,Ханты-Мансийский Автономный округ - Югра Автономный округ
Сургут,Ханты-Мансийский Автономный округ - Югра Автономный округ
Урай,Ханты-Мансийский Автономный округ - Югра Автономный округ
Ханты-Мансийск,Ханты-Мансийский Автономный округ - Югра Автономный округ
Югорск,Ханты-Мансийский Автономный округ - Югра Автономный округ
Анадырь,Чукотский Автономный округ
Билибино,Чукотский Автономный округ
Певек,Чукотский Автономный округ
Губкинский,Ямало-Ненецкий Автономный округ
Лабытнанги,Ямало-Ненецкий Автономный округ
Муравленко,Ямало-Ненецкий Автономный округ
Надым,Ямало-Ненецкий Автономный округ
Новый Уренгой,Ямало-Ненецкий Автономный округ
Ноябрьск,Ямало-Ненецкий Автономный округ
Салехард,Ямало-Ненецкий Автономный округ
Тарко-Сале,Ямало-Ненецкий Автономный округ
Алупка,Крым Республика
Алушта,Крым Республика
Армянск,Крым Республика
Армянськ,Крым Республика
Бахчисарай,Крым Республика
Белогорск,Крым Республика
Джанкой,Крым Республика
Джанкой,Крым Республика
Евпатория,Крым Республика
Керчь,Крым Республика
Красноперекопск,Крым Республика
Красноперекопск,Крым Республика
Подгорное,Крым Республика
Саки,Крым Республика
Саки,Крым Республика
Симферополь,Крым Республика
Старый крым,Крым Республика
Судак,Крым Республика
Феодосия,Крым Республика
Щелкино,Крым Республика
Ялта,Крым Республика
Инкерман,Севастополь Город
Севастополь,Севастополь Город